1001,Luke,Baxley
1002,Marni,Lemmons
1003,Anne,Scott
1004,Lucy,Blakeslee
1005,Chels,Baxley
1006,Kelly,Lemmons
1007,Todd,Scott
1008,Kirk,Blakeslee
1009,Suzan,Baxley
1010,Luke,Baxley
1011,Marni,Lemmons
1012,Anne,Scott
1013,Lucy,Blakeslee
1014,Chels,Baxley
1015,Kelly,Lemmons
1016,Todd,Scott
1017,Kirk,Blakeslee
1018,Suzan,Baxley
1019,Luke,Baxley
1020,Marni,Lemmons
1021,Anne,Scott
1022,Lucy,Blakeslee
1023,Chels,Baxley
1024,Kelly,Lemmons
1025,Todd,Scott
1026,Kirk,Blakeslee
1027,Suzan,Baxley
1028,Luke,Baxley
1029,Marni,Lemmons
1030,Anne,Scott
1031,Lucy,Blakeslee
1032,Luke,Baxley
1033,Marni,Lemmons
1034,Anne,Scott
1035,Lucy,Blakeslee
1036,Chels,Baxley
1037,Kelly,Lemmons
1038,Todd,Scott
1039,Kirk,Blakeslee
1040,Suzan,Baxley
1041,Luke,Baxley
1042,Marni,Lemmons
1043,Anne,Scott
1044,Lucy,Blakeslee
1045,Chels,Baxley
1046,Kelly,Lemmons
1047,Todd,Scott
1048,Kirk,Blakeslee
1049,Suzan,Baxley
1050,Luke,Baxley
1051,Marni,Lemmons
1052,Anne,Scott
1053,Lucy,Blakeslee
1054,Chels,Baxley
1055,Kelly,Lemmons
1056,Todd,Scott
1057,Kirk,Blakeslee
1058,Suzan,Baxley
1059,Luke,Baxley
1060,Marni,Lemmons
1061,Anne,Scott
1062,Lucy,Blakeslee
1063,Luke,Baxley
1064,Marni,Lemmons
1065,Anne,Scott
1066,Lucy,Blakeslee
1067,Chels,Baxley
1068,Kelly,Lemmons
1069,Todd,Scott
1070,Kirk,Blakeslee
1071,Suzan,Baxley
1072,Luke,Baxley
1073,Marni,Lemmons
1074,Anne,Scott
1075,Lucy,Blakeslee
1076,Chels,Baxley
1077,Kelly,Lemmons
1078,Todd,Scott
1079,Kirk,Blakeslee
1080,Suzan,Baxley
1081,Luke,Baxley
1082,Marni,Lemmons
1083,Anne,Scott
1084,Lucy,Blakeslee
1085,Chels,Baxley
1086,Kelly,Lemmons
1087,Todd,Scott
1088,Kirk,Blakeslee
1089,Suzan,Baxley
1090,Luke,Baxley
1091,Marni,Lemmons
1092,Anne,Scott
1093,Lucy,Blakeslee
1094,Luke,Baxley
1095,Marni,Lemmons
1096,Anne,Scott
1097,Lucy,Blakeslee
1098,Chels,Baxley
1099,Kelly,Lemmons
1100,Todd,Scott
1101,Kirk,Blakeslee
1102,Suzan,Baxley
1103,Luke,Baxley
1104,Marni,Lemmons
1105,Anne,Scott
1106,Lucy,Blakeslee
1107,Chels,Baxley
1108,Kelly,Lemmons
1109,Todd,Scott
1110,Kirk,Blakeslee
1111,Suzan,Baxley
1112,Luke,Baxley
1113,Marni,Lemmons
1114,Anne,Scott
1115,Lucy,Blakeslee
1116,Chels,Baxley
1117,Kelly,Lemmons
1118,Todd,Scott
1119,Kirk,Blakeslee
1120,Suzan,Baxley
1121,Luke,Baxley
1122,Marni,Lemmons
1123,Anne,Scott
1124,Lucy,Blakeslee
1125,Luke,Baxley
1126,Marni,Lemmons
1127,Anne,Scott
1128,Lucy,Blakeslee
1129,Chels,Baxley
1130,Kelly,Lemmons
1131,Todd,Scott
1132,Kirk,Blakeslee
1133,Suzan,Baxley
1134,Luke,Baxley
1135,Marni,Lemmons
1136,Anne,Scott
1137,Lucy,Blakeslee
1138,Chels,Baxley
1139,Kelly,Lemmons
1140,Todd,Scott
1141,Kirk,Blakeslee
1142,Suzan,Baxley
1143,Luke,Baxley
1144,Marni,Lemmons
1145,Anne,Scott
1146,Lucy,Blakeslee
1147,Chels,Baxley
1148,Kelly,Lemmons
1149,Todd,Scott
1150,Kirk,Blakeslee
1151,Suzan,Baxley
1152,Luke,Baxley
1153,Marni,Lemmons
1154,Anne,Scott
1155,Lucy,Blakeslee
1156,Luke,Baxley
1157,Marni,Lemmons
1158,Anne,Scott
1159,Lucy,Blakeslee
1160,Chels,Baxley
1161,Kelly,Lemmons
1162,Todd,Scott
1163,Kirk,Blakeslee
1164,Suzan,Baxley
1165,Luke,Baxley
1166,Marni,Lemmons
1167,Anne,Scott
1168,Lucy,Blakeslee
1169,Chels,Baxley
1170,Kelly,Lemmons
1171,Todd,Scott
1172,Kirk,Blakeslee
1173,Suzan,Baxley
1174,Luke,Baxley
1175,Marni,Lemmons
1176,Anne,Scott
1177,Lucy,Blakeslee
1178,Chels,Baxley
1179,Kelly,Lemmons
1180,Todd,Scott
1181,Kirk,Blakeslee
1182,Suzan,Baxley
1183,Luke,Baxley
1184,Marni,Lemmons
1185,Anne,Scott
1186,Lucy,Blakeslee
1187,Luke,Baxley
1188,Marni,Lemmons
1189,Anne,Scott
1190,Lucy,Blakeslee
1191,Chels,Baxley
1192,Kelly,Lemmons
1193,Todd,Scott
1194,Kirk,Blakeslee
1195,Suzan,Baxley
1196,Luke,Baxley
1197,Marni,Lemmons
1198,Anne,Scott
1199,Lucy,Blakeslee
1200,Chels,Baxley
1201,Kelly,Lemmons
1202,Todd,Scott
1203,Kirk,Blakeslee
1204,Suzan,Baxley
1205,Luke,Baxley
1206,Marni,Lemmons
1207,Anne,Scott
1208,Lucy,Blakeslee
1209,Chels,Baxley
1210,Kelly,Lemmons
1211,Todd,Scott
1212,Kirk,Blakeslee
1213,Suzan,Baxley
1214,Luke,Baxley
1215,Marni,Lemmons
1216,Anne,Scott
1217,Lucy,Blakeslee
1218,Luke,Baxley
1219,Marni,Lemmons
1220,Anne,Scott
1221,Lucy,Blakeslee
1222,Chels,Baxley
1223,Kelly,Lemmons
1224,Todd,Scott
1225,Kirk,Blakeslee
1226,Suzan,Baxley
1227,Luke,Baxley
1228,Marni,Lemmons
1229,Anne,Scott
1230,Lucy,Blakeslee
1231,Chels,Baxley
1232,Kelly,Lemmons
1233,Todd,Scott
1234,Kirk,Blakeslee
1235,Suzan,Baxley
1236,Luke,Baxley
1237,Marni,Lemmons
1238,Anne,Scott
1239,Lucy,Blakeslee
1240,Chels,Baxley
1241,Kelly,Lemmons
1242,Todd,Scott
1243,Kirk,Blakeslee
1244,Suzan,Baxley
1245,Luke,Baxley
1246,Marni,Lemmons
1247,Anne,Scott
1248,Lucy,Blakeslee
1249,Luke,Baxley
1250,Marni,Lemmons
1251,Anne,Scott
1252,Lucy,Blakeslee
1253,Chels,Baxley
1254,Kelly,Lemmons
1255,Todd,Scott
1256,Kirk,Blakeslee
1257,Suzan,Baxley
1258,Luke,Baxley
1259,Marni,Lemmons
1260,Anne,Scott
1261,Lucy,Blakeslee
1262,Chels,Baxley
1263,Kelly,Lemmons
1264,Todd,Scott
1265,Kirk,Blakeslee
1266,Suzan,Baxley
1267,Luke,Baxley
1268,Marni,Lemmons
1269,Anne,Scott
1270,Lucy,Blakeslee
1271,Chels,Baxley
1272,Kelly,Lemmons
1273,Todd,Scott
1274,Kirk,Blakeslee
1275,Suzan,Baxley
1276,Luke,Baxley
1277,Marni,Lemmons
1278,Anne,Scott
1279,Lucy,Blakeslee
1280,Luke,Baxley
1281,Marni,Lemmons
1282,Anne,Scott
1283,Lucy,Blakeslee
1284,Chels,Baxley
1285,Kelly,Lemmons
1286,Todd,Scott
1287,Kirk,Blakeslee
1288,Suzan,Baxley
1289,Luke,Baxley
1290,Marni,Lemmons
1291,Anne,Scott
1292,Lucy,Blakeslee
1293,Chels,Baxley
1294,Kelly,Lemmons
1295,Todd,Scott
1296,Kirk,Blakeslee
1297,Suzan,Baxley
1298,Luke,Baxley
1299,Marni,Lemmons
1300,Anne,Scott
1301,Lucy,Blakeslee
1302,Chels,Baxley
1303,Kelly,Lemmons
1304,Todd,Scott
1305,Kirk,Blakeslee
1306,Suzan,Baxley
1307,Luke,Baxley
1308,Marni,Lemmons
1309,Anne,Scott
1310,Lucy,Blakeslee
1311,Luke,Baxley
1312,Marni,Lemmons
1313,Anne,Scott
1314,Lucy,Blakeslee
1315,Chels,Baxley
1316,Kelly,Lemmons
1317,Todd,Scott
1318,Kirk,Blakeslee
1319,Suzan,Baxley
1320,Luke,Baxley
1321,Marni,Lemmons
1322,Anne,Scott
1323,Lucy,Blakeslee
1324,Chels,Baxley
1325,Kelly,Lemmons
1326,Todd,Scott
1327,Kirk,Blakeslee
1328,Suzan,Baxley
1329,Luke,Baxley
1330,Marni,Lemmons
1331,Luke,Baxley
1332,Marni,Lemmons
1333,Anne,Scott
1334,Lucy,Blakeslee
1335,Chels,Baxley
1336,Kelly,Lemmons
1337,Todd,Scott
1338,Kirk,Blakeslee
1339,Suzan,Baxley
1340,Luke,Baxley
1341,Marni,Lemmons
1342,Anne,Scott
1343,Lucy,Blakeslee
1344,Chels,Baxley
1345,Kelly,Lemmons
1346,Todd,Scott
1347,Kirk,Blakeslee
1348,Suzan,Baxley
1349,Luke,Baxley
1350,Marni,Lemmons
1351,Anne,Scott
1352,Lucy,Blakeslee
1353,Chels,Baxley
1354,Kelly,Lemmons
1355,Todd,Scott
1356,Kirk,Blakeslee
1357,Suzan,Baxley
1358,Luke,Baxley
1359,Marni,Lemmons
1360,Anne,Scott
1361,Lucy,Blakeslee
1362,Luke,Baxley
1363,Marni,Lemmons
1364,Anne,Scott
1365,Lucy,Blakeslee
1366,Chels,Baxley
1367,Kelly,Lemmons
1368,Todd,Scott
1369,Kirk,Blakeslee
1370,Suzan,Baxley
1371,Luke,Baxley
1372,Marni,Lemmons
1373,Anne,Scott
1374,Lucy,Blakeslee
1375,Chels,Baxley
1376,Kelly,Lemmons
1377,Luke,Baxley
1378,Marni,Lemmons
1379,Anne,Scott
1380,Lucy,Blakeslee
1381,Chels,Baxley
1382,Kelly,Lemmons
1383,Todd,Scott
1384,Kirk,Blakeslee
1385,Suzan,Baxley
1386,Luke,Baxley
1387,Marni,Lemmons
1388,Anne,Scott
1389,Lucy,Blakeslee
1390,Chels,Baxley
1391,Kelly,Lemmons
1392,Todd,Scott
1393,Kirk,Blakeslee
1394,Suzan,Baxley
1395,Luke,Baxley
1396,Marni,Lemmons
1397,Anne,Scott
1398,Lucy,Blakeslee
1399,Chels,Baxley
1400,Kelly,Lemmons
1401,Todd,Scott
1402,Kirk,Blakeslee
1403,Suzan,Baxley
1404,Luke,Baxley
1405,Marni,Lemmons
1406,Anne,Scott
1407,Lucy,Blakeslee
1408,Luke,Baxley
1409,Marni,Lemmons
1410,Anne,Scott
1411,Lucy,Blakeslee
1412,Chels,Baxley
1413,Kelly,Lemmons
1414,Todd,Scott
1415,Kirk,Blakeslee
1416,Suzan,Baxley
1417,Luke,Baxley
1418,Marni,Lemmons
1419,Anne,Scott
1420,Lucy,Blakeslee
1421,Chels,Baxley
1422,Kelly,Lemmons
1423,Todd,Scott
1424,Kirk,Blakeslee
1425,Suzan,Baxley
1426,Luke,Baxley
1427,Marni,Lemmons
1428,Anne,Scott
1429,Lucy,Blakeslee
1430,Chels,Baxley
1431,Kelly,Lemmons
1432,Todd,Scott
1433,Kirk,Blakeslee
1434,Suzan,Baxley
1435,Luke,Baxley
1436,Marni,Lemmons
1437,Anne,Scott
1438,Lucy,Blakeslee
1439,Luke,Baxley
1440,Marni,Lemmons
1441,Anne,Scott
1442,Lucy,Blakeslee
1443,Chels,Baxley
1444,Kelly,Lemmons
1445,Todd,Scott
1446,Kirk,Blakeslee
1447,Suzan,Baxley
1448,Luke,Baxley
1449,Marni,Lemmons
1450,Anne,Scott
1451,Lucy,Blakeslee
1452,Chels,Baxley
1453,Kelly,Lemmons
1454,Todd,Scott
1455,Kirk,Blakeslee
1456,Suzan,Baxley
1457,Luke,Baxley
1458,Marni,Lemmons
1459,Anne,Scott
1460,Lucy,Blakeslee
1461,Chels,Baxley
1462,Kelly,Lemmons
1463,Todd,Scott
1464,Kirk,Blakeslee
1465,Suzan,Baxley
1466,Luke,Baxley
1467,Marni,Lemmons
1468,Anne,Scott
1469,Lucy,Blakeslee
1470,Luke,Baxley
1471,Marni,Lemmons
1472,Anne,Scott
1473,Lucy,Blakeslee
1474,Chels,Baxley
1475,Kelly,Lemmons
1476,Todd,Scott
1477,Kirk,Blakeslee
1478,Suzan,Baxley
1479,Luke,Baxley
1480,Marni,Lemmons
1481,Anne,Scott
1482,Lucy,Blakeslee
1483,Chels,Baxley
1484,Kelly,Lemmons
1485,Todd,Scott
1486,Kirk,Blakeslee
1487,Suzan,Baxley
1488,Luke,Baxley
1489,Marni,Lemmons
1490,Anne,Scott
1491,Lucy,Blakeslee
1492,Chels,Baxley
1493,Kelly,Lemmons
1494,Todd,Scott
1495,Kirk,Blakeslee
1496,Suzan,Baxley
1497,Luke,Baxley
1498,Marni,Lemmons
1499,Anne,Scott
1500,Lucy,Blakeslee
1501,Luke,Baxley
1502,Marni,Lemmons
1503,Anne,Scott
1504,Lucy,Blakeslee
1505,Chels,Baxley
1506,Kelly,Lemmons
1507,Todd,Scott
1508,Kirk,Blakeslee
1509,Suzan,Baxley
1510,Luke,Baxley
1511,Marni,Lemmons
1512,Anne,Scott
1513,Lucy,Blakeslee
1514,Chels,Baxley
1515,Kelly,Lemmons
1516,Todd,Scott
1517,Kirk,Blakeslee
1518,Suzan,Baxley
1519,Luke,Baxley
1520,Marni,Lemmons
1521,Anne,Scott
1522,Lucy,Blakeslee
1523,Chels,Baxley
1524,Kelly,Lemmons
1525,Todd,Scott
1526,Kirk,Blakeslee
1527,Suzan,Baxley
1528,Luke,Baxley
1529,Marni,Lemmons
1530,Anne,Scott
1531,Lucy,Blakeslee
1532,Luke,Baxley
1533,Marni,Lemmons
1534,Anne,Scott
1535,Lucy,Blakeslee
1536,Chels,Baxley
1537,Kelly,Lemmons
1538,Todd,Scott
1539,Kirk,Blakeslee
1540,Suzan,Baxley
1541,Luke,Baxley
1542,Marni,Lemmons
1543,Anne,Scott
1544,Lucy,Blakeslee
1545,Chels,Baxley
1546,Kelly,Lemmons
1547,Todd,Scott
1548,Kirk,Blakeslee
1549,Suzan,Baxley
1550,Luke,Baxley
1551,Marni,Lemmons
1552,Anne,Scott
1553,Lucy,Blakeslee
1554,Chels,Baxley
1555,Kelly,Lemmons
1556,Todd,Scott
1557,Kirk,Blakeslee
1558,Suzan,Baxley
1559,Luke,Baxley
1560,Marni,Lemmons
1561,Luke,Baxley
1562,Marni,Lemmons
1563,Anne,Scott
1564,Lucy,Blakeslee
1565,Chels,Baxley
1566,Kelly,Lemmons
1567,Todd,Scott
1568,Kirk,Blakeslee
1569,Suzan,Baxley
1570,Luke,Baxley
1571,Marni,Lemmons
1572,Anne,Scott
1573,Lucy,Blakeslee
1574,Chels,Baxley
1575,Kelly,Lemmons
1576,Todd,Scott
1577,Kirk,Blakeslee
1578,Suzan,Baxley
1579,Luke,Baxley
1580,Marni,Lemmons
1581,Anne,Scott
1582,Lucy,Blakeslee
1583,Chels,Baxley
1584,Kelly,Lemmons
1585,Todd,Scott
1586,Luke,Baxley
1587,Marni,Lemmons
1588,Anne,Scott
1589,Lucy,Blakeslee
1590,Chels,Baxley
1591,Kelly,Lemmons
1592,Todd,Scott
1593,Kirk,Blakeslee
1594,Suzan,Baxley
1595,Luke,Baxley
1596,Luke,Baxley
1597,Marni,Lemmons
1598,Anne,Scott
1599,Lucy,Blakeslee
1600,Chels,Baxley